{"cameraMode":{"drawMode":0,"name":"Shaded","section":"Shading Mode"},"sceneLighting":false,"audioPlay":false,"sceneViewState":{"m_AlwaysRefresh":false,"showFog":true,"showSkybox":false,"showFlares":true,"showImageEffects":true,"showParticleSystems":true,"showVisualEffectGraphs":true,"m_FxEnabled":true},"in2DMode":false,"pivot":{"x":0.040522441267967227,"y":0.037702251225709918,"z":-0.5300000309944153},"rotation":{"x":0.09204056113958359,"y":0.823117196559906,"z":-0.1395995318889618,"w":0.5426964163780212},"size":0.2583228349685669,"orthographic":false}